{"prefix": {"roocs": "urn:roocs:", "provone": "http://purl.dataone.org/provone/2015/01/15/ontology#", "dcterms": "http://purl.org/dc/terms/"}, "agent": {"roocs:C3S_CDS": {"prov:type": {"$": "prov:Organization", "type": "prov:QUALIFIED_NAME"}, "prov:label": "Copernicus Climate Data Store", "dcterms:source": "https://cds.climate.copernicus.eu"}, "roocs:rook_v0.11.0": {"prov:type": {"$": "prov:SoftwareAgent", "type": "prov:QUALIFIED_NAME"}, "prov:label": "Rook", "dcterms:source": "https://github.com/roocs/rook/releases/tag/v0.11.0"}, "roocs:daops_v0.8.1": {"prov:type": {"$": "prov:SoftwareAgent", "type": "prov:QUALIFIED_NAME"}, "prov:label": "DAOPS", "dcterms:source": "https://github.com/roocs/daops/releases/tag/v0.8.1"}}, "wasAttributedTo": {"_:id1": {"prov:entity": "roocs:rook_v0.11.0", "prov:agent": "roocs:C3S_CDS"}}, "entity": {"roocs:workflow_29c515cc-e13b-4bf6-96f6-3a8d1bae69fc": {"prov:type": {"$": "provone:Workflow", "type": "prov:QUALIFIED_NAME"}}, "roocs:c3s-cmip6.ScenarioMIP.NCAR.CESM2.ssp245.r4i1p1f1.Amon.tasmax.gn.v20200528": {"prov:type": {"$": "provone:Data", "type": "prov:QUALIFIED_NAME"}, "prov:label": "c3s-cmip6.ScenarioMIP.NCAR.CESM2.ssp245.r4i1p1f1.Amon.tasmax.gn.v20200528"}, "roocs:tasmax_Amon_CESM2_ssp245_r4i1p1f1_gn_20150115-21001215.nc": {"prov:type": {"$": "provone:Data", "type": "prov:QUALIFIED_NAME"}, "prov:label": "tasmax_Amon_CESM2_ssp245_r4i1p1f1_gn_20150115-21001215.nc"}}, "activity": {"roocs:orchestrate_29c515cc-e13b-4bf6-96f6-3a8d1bae69fc": {"prov:type": {"$": "provone:Execution", "type": "prov:QUALIFIED_NAME"}, "prov:label": "orchestrate", "prov:startTime": "2023-11-19T15:22:25", "prov:endTime": "2023-11-19T15:22:29"}, "roocs:subset_tasmax_1_754dd4b9-e2e8-40f5-9792-5d1961d5f8ac": {"prov:type": {"$": "provone:Execution", "type": "prov:QUALIFIED_NAME"}, "prov:label": "subset_tasmax_1", "roocs:time": "2015/2100", "roocs:time_components": "year:2015,2016,2017,2018,2019,2020,2021,2022,2023,2024,2025,2026,2027,2028,2029,2030,2031,2032,2033,2034,2035,2036,2037,2038,2039,2040,2041,2042,2043,2044,2045,2046,2047,2048,2049,2050,2051,2052,2053,2054,2055,2056,2057,2058,2059,2060,2061,2062,2063,2064,2065,2066,2067,2068,2069,2070,2071,2072,2073,2074,2075,2076,2077,2078,2079,2080,2081,2082,2083,2084,2085,2086,2087,2088,2089,2090,2091,2092,2093,2094,2095,2096,2097,2098,2099,2100|month:jan,feb,mar,apr,may,jun,jul,aug,sep,oct,nov,dec", "roocs:area": "6,50,8,52", "roocs:apply_fixes": false}}, "wasAssociatedWith": {"_:id2": {"prov:activity": "roocs:orchestrate_29c515cc-e13b-4bf6-96f6-3a8d1bae69fc", "prov:agent": "roocs:rook_v0.11.0", "prov:plan": "roocs:workflow_29c515cc-e13b-4bf6-96f6-3a8d1bae69fc"}, "_:id3": {"prov:activity": "roocs:subset_tasmax_1_754dd4b9-e2e8-40f5-9792-5d1961d5f8ac", "prov:agent": "roocs:daops_v0.8.1", "prov:plan": "roocs:workflow_29c515cc-e13b-4bf6-96f6-3a8d1bae69fc"}}, "wasDerivedFrom": {"_:id4": {"prov:generatedEntity": "roocs:tasmax_Amon_CESM2_ssp245_r4i1p1f1_gn_20150115-21001215.nc", "prov:usedEntity": "roocs:c3s-cmip6.ScenarioMIP.NCAR.CESM2.ssp245.r4i1p1f1.Amon.tasmax.gn.v20200528", "prov:activity": "roocs:subset_tasmax_1_754dd4b9-e2e8-40f5-9792-5d1961d5f8ac"}}}